{
    "epoch": 2.9952076677316293,
    "eval_loss": 1.387688159942627,
    "eval_runtime": 29592.2578,
    "eval_samples_per_second": 0.005,
    "eval_steps_per_second": 0.005
}