{
    "epoch": 2.9928057553956835,
    "eval_loss": 1.3532441854476929,
    "eval_runtime": 34.9009,
    "eval_samples_per_second": 4.011,
    "eval_steps_per_second": 4.011,
    "total_flos": 68032252182528.0,
    "train_loss": 1.2858054963951437,
    "train_runtime": 3038.5348,
    "train_samples_per_second": 1.235,
    "train_steps_per_second": 0.154
}