{
    "epoch": 2.9928057553956835,
    "eval_loss": 1.3532441854476929,
    "eval_runtime": 34.9009,
    "eval_samples_per_second": 4.011,
    "eval_steps_per_second": 4.011
}