{
    "epoch": 2.998137802607076,
    "eval_loss": 0.9507562518119812,
    "eval_runtime": 50.2947,
    "eval_samples_per_second": 3.579,
    "eval_steps_per_second": 3.579,
    "total_flos": 130829980950528.0,
    "train_loss": 1.0600555254065471,
    "train_runtime": 4658.0489,
    "train_samples_per_second": 1.038,
    "train_steps_per_second": 0.104
}