{
    "epoch": 2.998137802607076,
    "eval_loss": 0.9507562518119812,
    "eval_runtime": 50.2947,
    "eval_samples_per_second": 3.579,
    "eval_steps_per_second": 3.579
}