{
    "epoch": 2.998137802607076,
    "total_flos": 130829980950528.0,
    "train_loss": 1.0600555254065471,
    "train_runtime": 4658.0489,
    "train_samples_per_second": 1.038,
    "train_steps_per_second": 0.104
}