{
    "epoch": 2.9952076677316293,
    "eval_loss": 1.585154414176941,
    "eval_runtime": 28.514,
    "eval_samples_per_second": 4.91,
    "eval_steps_per_second": 4.91
}